insert into course(course_id,name,description) values
(1, 'CBSE 9', 'Test dummy description CBSE9.'),
(2, 'CBSE 10', 'Test dummy description CBSE10.'),
(3, 'CBSE 11', 'Test dummy description CBSE11.'),
(4, 'CBSE 12', 'Test dummy description CBSE12.');

insert into subject(Subject_id,name,description) values
(1,'CBSE 9th  Math','desr'),
(2,'CBSE 9th Science','desr'),
(3,'CBSE 10th  Math','desr'),
(4,'CBSE 10th Science','desr'),
(5,'CBSE 11th  Math','desr'),
(6,'CBSE 11th Physics','desr'),
(7,'CBSE 11th  Chemistry','desr'),
(8,'CBSE 11th Biology','desr'),
(9,'CBSE 12th  Math','desr'),
(10,'CBSE 12th Physics','desr'),
(11,'CBSE 12th  Chemistry','desr'),
(12,'CBSE 12th Biology','desr');

insert into chapter(chapter_id, name, description) values
(1	,'Ch1 CBSE9 Math','descr'),
(2	,'Ch2 CBSE9 Math','descr'),
(3	,'Ch3 CBSE9 Math','descr'),
(4	,'Ch4 CBSE9 Math','descr'),
(5	,'Ch5 CBSE9 Math','descr'),
(6	,'Ch6 CBSE9 Math','descr'),
(7	,'Ch1 CBSE9 Science','descr'),
(8	,'Ch2 CBSE9 Science','descr'),
(9	,'Ch3 CBSE9 Science','descr'),
(10	,'Ch4 CBSE9 Science','descr'),
(11	,'Ch5 CBSE9 Science','descr'),
(12	,'Ch6 CBSE9 Science','descr'),
(13	,'Ch1 CBSE10 Math','descr'),
(14	,'Ch2 CBSE10 Math','descr'),
(15	,'Ch3 CBSE10 Math','descr'),
(16	,'Ch4 CBSE10 Math','descr'),
(17	,'Ch5 CBSE10 Math','descr'),
(18	,'Ch6 CBSE10 Math','descr'),
(19	,'Ch1 CBSE10 Science','descr'),
(20	,'Ch2 CBSE10 Science','descr'),
(21	,'Ch3 CBSE10 Science','descr'),
(22	,'Ch4 CBSE10 Science','descr'),
(23	,'Ch5 CBSE10 Science','descr'),
(24	,'Ch6 CBSE10 Science','descr');


insert into topic(topic_id, name, description, details) values
(1,'Ch1 CBSE9 Math TopicA','des','detail'),
(2,'Ch1 CBSE9 Math TopicB','des','detail'),
(3,'Ch1 CBSE9 Math TopicC','des','detail'),
(4,'Ch2 CBSE9 Math TopicA','des','detail'),
(5,'Ch2 CBSE9 Math TopicB','des','detail'),
(6,'Ch2 CBSE9 Math TopicC','des','detail'),
(7,'Ch3 CBSE9 Math TopicA','des','detail'),
(8,'Ch3 CBSE9 Math TopicB','des','detail'),
(9,'Ch3 CBSE9 Math TopicC','des','detail'),
(10,'Ch4 CBSE9 Math TopicA','des','detail'),
(11,'Ch4 CBSE9 Math TopicB','des','detail'),
(12,'Ch4 CBSE9 Math TopicC','des','detail'),
(13,'Ch5 CBSE9 Math TopicA','des','detail'),
(14,'Ch5 CBSE9 Math TopicB','des','detail'),
(15,'Ch5 CBSE9 Math TopicC','des','detail'),
(16,'Ch6 CBSE9 Math TopicA','des','detail'),
(17,'Ch6 CBSE9 Math TopicB','des','detail'),
(18,'Ch6 CBSE9 Math TopicC','des','detail'),
(19,'Ch1 CBSE9 SCIENCE TopicA','des','detail'),
(20,'Ch1 CBSE9 SCIENCE TopicB','des','detail'),
(21,'Ch1 CBSE9 SCIENCE TopicC','des','detail'),
(22,'Ch2 CBSE9 SCIENCE TopicA','des','detail'),
(23,'Ch2 CBSE9 SCIENCE TopicB','des','detail'),
(24,'Ch2 CBSE9 SCIENCE TopicC','des','detail'),
(25,'Ch3 CBSE9 SCIENCE TopicA','des','detail'),
(26,'Ch3 CBSE9 SCIENCE TopicB','des','detail'),
(27,'Ch3 CBSE9 SCIENCE TopicC','des','detail'),
(28,'Ch4 CBSE9 SCIENCE TopicA','des','detail'),
(29,'Ch4 CBSE9 SCIENCE TopicB','des','detail'),
(30,'Ch4 CBSE9 SCIENCE TopicC','des','detail'),
(31,'Ch5 CBSE9 SCIENCE TopicA','des','detail'),
(32,'Ch5 CBSE9 SCIENCE TopicB','des','detail'),
(33,'Ch5 CBSE9 SCIENCE TopicC','des','detail'),
(34,'Ch6 CBSE9 SCIENCE TopicA','des','detail'),
(35,'Ch6 CBSE9 SCIENCE TopicB','des','detail'),
(36,'Ch6 CBSE9 SCIENCE TopicC','des','detail'),
(37,'Ch1 CBSE10 Math TopicA','des','detail'),
(38,'Ch1 CBSE10 Math TopicB','des','detail'),
(39,'Ch1 CBSE10 Math TopicC','des','detail'),
(40,'Ch2 CBSE10 Math TopicA','des','detail'),
(41,'Ch2 CBSE10 Math TopicB','des','detail'),
(42,'Ch2 CBSE10 Math TopicC','des','detail'),
(43,'Ch3 CBSE10 Math TopicA','des','detail'),
(44,'Ch3 CBSE10 Math TopicB','des','detail'),
(45,'Ch3 CBSE10 Math TopicC','des','detail'),
(46,'Ch4 CBSE10 Math TopicA','des','detail'),
(47,'Ch4 CBSE10 Math TopicB','des','detail'),
(48,'Ch4 CBSE10 Math TopicC','des','detail'),
(49,'Ch5 CBSE10 Math TopicA','des','detail'),
(50,'Ch5 CBSE10 Math TopicB','des','detail'),
(51,'Ch5 CBSE10 Math TopicC','des','detail'),
(52,'Ch6 CBSE10 Math TopicA','des','detail'),
(53,'Ch6 CBSE10 Math TopicB','des','detail'),
(54,'Ch6 CBSE10 Math TopicC','des','detail'),
(55,'Ch1 CBSE10 SCIENCE TopicA','des','detail'),
(56,'Ch1 CBSE10 SCIENCE TopicB','des','detail'),
(57,'Ch1 CBSE10 SCIENCE TopicC','des','detail'),
(58,'Ch2 CBSE10 SCIENCE TopicA','des','detail'),
(59,'Ch2 CBSE10 SCIENCE TopicB','des','detail'),
(60,'Ch2 CBSE10 SCIENCE TopicC','des','detail'),
(61,'Ch3 CBSE10 SCIENCE TopicA','des','detail'),
(62,'Ch3 CBSE10 SCIENCE TopicB','des','detail'),
(63,'Ch3 CBSE10 SCIENCE TopicC','des','detail'),
(64,'Ch4 CBSE10 SCIENCE TopicA','des','detail'),
(65,'Ch4 CBSE10 SCIENCE TopicB','des','detail'),
(66,'Ch4 CBSE10 SCIENCE TopicC','des','detail'),
(67,'Ch5 CBSE10 SCIENCE TopicA','des','detail'),
(68,'Ch5 CBSE10 SCIENCE TopicB','des','detail'),
(69,'Ch5 CBSE10 SCIENCE TopicC','des','detail'),
(70,'Ch6 CBSE10 SCIENCE TopicA','des','detail'),
(71,'Ch6 CBSE10 SCIENCE TopicB','des','detail'),
(72,'Ch6 CBSE10 SCIENCE TopicC','des','detail');


insert into course_subject_map(course_id, subject_id) values
(1,1),
(1,2),
(2,3),
(2,4),
(3,5),
(3,6),
(3,7),
(3,8),
(4,9),
(4,10),
(4,11),
(4,12);

insert into subject_chapter_map(subject_id, chapter_id) values
(1,1),
(1,2),
(1,3),
(1,4),
(1,5),
(1,6),
(2,7),
(2,8),
(2,9),
(2,10),
(2,11),
(2,12),
(3,13),
(3,14),
(3,15),
(3,16),
(3,17),
(3,18),
(4,19),
(4,20),
(4,21),
(4,22),
(4,23),
(4,24);

insert into chapter_topic_map(chapter_id, topic_id) values
(1, 1),
(1, 2),
(1, 3),
(2, 4),
(2, 5),
(2, 6),
(3, 7),
(3, 8),
(3, 9),
(4, 10),
(4, 11),
(4, 12),
(5, 13),
(5, 14),
(5, 15),
(6, 16),
(6, 17),
(6, 18),
(7, 19),
(7, 20),
(7, 21),
(8, 22),
(8, 23),
(8, 24),
(9, 25),
(9, 26),
(9, 27),
(10, 28),
(10, 29),
(10, 30),
(11, 31),
(11, 32),
(11, 33),
(12, 34),
(12, 35),
(12, 36),
(13, 37),
(13, 38),
(13, 39),
(14, 40),
(14, 41),
(14, 42),
(15, 43),
(15, 44),
(15, 45),
(16, 46),
(16, 47),
(16, 48),
(17, 49),
(17, 50),
(17, 51),
(18, 52),
(18, 53),
(18, 54),
(19, 55),
(19, 56),
(19, 57),
(20, 58),
(20, 59),
(20, 60),
(21, 61),
(21, 62),
(21, 63),
(22, 64),
(22, 65),
(22, 66),
(23, 67),
(23, 68),
(23, 69),
(24, 70),
(24, 71),
(24, 72);

commit;